{"RuleTriggered": 0, "Violations": 0, "Details": {"ratio": {"cpu_functions": 100.0}, "phase": {"Step:ModeKeys.TRAIN": 67.40779098129525, "others": 10.019077174239282, "Step:ModeKeys.EVAL": 22.573131844465465}, "phase_time": {}, "CPU": {"conv2d": 20.377210369341395, "convolution": 20.371027370271534, "_convolution": 20.366706197008543, "mkldnn_convolution": 20.34572954799025, "batch_norm": 6.18623554763587, "_batch_norm_impl_index": 6.180038461611606, "native_batch_norm": 6.173052506140797}, "CPU_total": {"conv2d": 17358367, "convolution": 17353100, "_convolution": 17349419, "mkldnn_convolution": 17331550, "batch_norm": 5269757, "_batch_norm_impl_index": 5264478, "native_batch_norm": 5258527}, "general": {"DataLoaderIterInitialize": 0.000609029397597714, "DataLoaderIter": 2.9000506096492256, "Forward": 97.09934036095318}}, "Datapoints": 0, "RuleParameters": ""}